device_id,backend,level,precision,resolution,run_index,timestamp_utc,git_commit,end_to_end_n,end_to_end_mean_ms,end_to_end_p50_ms,end_to_end_p95_ms,end_to_end_p99_ms,end_to_end_ci95_low_ms,end_to_end_ci95_high_ms,kernel_only_mean_ms,kernel_only_p50_ms,kernel_only_p95_ms,kernel_only_p99_ms,throughput_fps,power_avg_mw,energy_mj_per_frame,temp_avg_c,notes
E1,hailo_hef,large,int8,1024x512,-1,2026-10-07T05:36:50Z,b90f2d5119adcc9a36e83abd5ffc21bf322a490b,3,49.32213333333333,49.2739,49.41403,49.426486,49.2629,49.4296,40.4493,40.4491,40.449999999999996,40.45008,20.2748732144595,,,59.69653333333334,"pooled from 3 independent hailortcli invocations (n=3 run-level samples, not per-frame -- see docstring); no power/current telemetry available on this Hailo-8 module"
E1,hailo_hef,medium,int8,768x384,-1,2026-10-07T05:31:38Z,b90f2d5119adcc9a36e83abd5ffc21bf322a490b,3,20.714966666666665,20.6291,20.927899999999998,20.954459999999997,20.5547,20.9611,15.707033333333333,15.707,15.70709,15.707098,48.27427512153049,,,58.20386666666667,"pooled from 3 independent hailortcli invocations (n=3 run-level samples, not per-frame -- see docstring); no power/current telemetry available on this Hailo-8 module"
E1,hailo_hef,small,int8,512x256,-1,2026-10-07T05:29:36Z,b90f2d5119adcc9a36e83abd5ffc21bf322a490b,3,8.118356666666667,8.0921,8.175683,8.1831126,8.078,8.18497,5.979743333333334,5.97973,5.979793,5.9797986,123.17763816733024,,,55.025299999999994,"pooled from 3 independent hailortcli invocations (n=3 run-level samples, not per-frame -- see docstring); no power/current telemetry available on this Hailo-8 module"
E1,hailo_hef,tiny,int8,384x192,-1,2026-10-07T05:28:35Z,b90f2d5119adcc9a36e83abd5ffc21bf322a490b,3,4.004503333333333,4.00407,4.00659,4.006814,4.00257,4.00687,2.1725,2.17249,2.172571,2.1725782,249.71885818549285,,,52.233000000000004,"pooled from 3 independent hailortcli invocations (n=3 run-level samples, not per-frame -- see docstring); no power/current telemetry available on this Hailo-8 module"
E2,tensorrt_gpu,large,fp16,1024x512,-1,2026-10-07T07:53:07Z,b90f2d5119adcc9a36e83abd5ffc21bf322a490b,1735,29.51039417867435,29.5059,29.6465,29.706014,29.50433980979827,29.51608056340058,26.011976772334293,26.0117,26.11955,26.161584,33.88636539198276,,,,"pooled from 3 independent runs (1735 total iterations); throughput_fps derived as 1000/mean_latency_ms, not trtexec's own pipelined-throughput number -- see run*_log.txt for that"
E2,tensorrt_gpu,medium,fp16,768x384,-1,2026-10-07T07:45:07Z,b90f2d5119adcc9a36e83abd5ffc21bf322a490b,4399,12.063575699022506,12.0625,12.140649999999999,12.1797,12.061912555126163,12.065281994203225,10.24354412366447,10.2334,10.32575,10.3555,82.89416214141455,,,,"pooled from 3 independent runs (4399 total iterations); throughput_fps derived as 1000/mean_latency_ms, not trtexec's own pipelined-throughput number -- see run*_log.txt for that"
E2,tensorrt_gpu,small,fp16,512x256,-1,2026-10-07T07:40:58Z,b90f2d5119adcc9a36e83abd5ffc21bf322a490b,13847,4.01925839387593,4.00391,4.082372999999999,4.0964545999999995,4.0186186267603095,4.019876723026648,3.249663467177006,3.23438,3.30957,3.31934,248.80211770501782,,,,"pooled from 3 independent runs (13847 total iterations); throughput_fps derived as 1000/mean_latency_ms, not trtexec's own pipelined-throughput number -- see run*_log.txt for that"
E2,tensorrt_gpu,tiny,fp16,384x192,-1,2026-10-07T07:38:23Z,b90f2d5119adcc9a36e83abd5ffc21bf322a490b,36734,1.628880413241139,1.63086,1.64722,1.66211,1.6287329621535909,1.6290206369711984,1.224167404039854,1.23047,1.24121,1.24512,613.9186105198505,,,,"pooled from 3 independent runs (36734 total iterations); throughput_fps derived as 1000/mean_latency_ms, not trtexec's own pipelined-throughput number -- see run*_log.txt for that"
E3,tensorrt_gpu,large,fp16,1024x512,-1,2026-10-07T05:40:57Z,b90f2d5119adcc9a36e83abd5ffc21bf322a490b,2954,17.242786323628977,16.8467,18.1289,18.1416,17.221669600541638,17.26483088185511,15.269065639810428,14.9307,16.0234,16.0332,57.995267193541174,,,,"pooled from 3 independent runs (2954 total iterations); throughput_fps derived as 1000/mean_latency_ms, not trtexec's own pipelined-throughput number -- see run*_log.txt for that"
E3,tensorrt_gpu,medium,fp16,768x384,-1,2026-10-07T05:29:51Z,b90f2d5119adcc9a36e83abd5ffc21bf322a490b,7757,6.7880333608353745,6.76221,6.86328,6.8771656,6.786973583376304,6.7891262032035575,5.804812240556916,5.80469,5.82031,5.82715,147.31807385768863,,,,"pooled from 3 independent runs (7757 total iterations); throughput_fps derived as 1000/mean_latency_ms, not trtexec's own pipelined-throughput number -- see run*_log.txt for that"
E3,tensorrt_gpu,small,fp16,512x256,-1,2026-10-07T05:26:13Z,b90f2d5119adcc9a36e83abd5ffc21bf322a490b,24980,2.2758789379503606,2.27539,2.28857,2.30176,2.275762961889512,2.2759884777221777,1.8009555116092875,1.80078,1.81006,1.81348,439.39068257320946,,,,"pooled from 3 independent runs (24980 total iterations); throughput_fps derived as 1000/mean_latency_ms, not trtexec's own pipelined-throughput number -- see run*_log.txt for that"
E3,tensorrt_gpu,tiny,fp16,384x192,-1,2026-10-07T05:23:51Z,b90f2d5119adcc9a36e83abd5ffc21bf322a490b,61043,1.002552320429861,0.998779,1.0332,1.04395,1.002385669139377,1.0027261517303376,0.7362916462657471,0.736328,0.760742,0.763184,997.4541773253623,,,,"pooled from 3 independent runs (61043 total iterations); throughput_fps derived as 1000/mean_latency_ms, not trtexec's own pipelined-throughput number -- see run*_log.txt for that"
E5,tensorrt_gpu,large,fp16,1024x512,-1,2026-10-07T05:34:12Z,b90f2d5119adcc9a36e83abd5ffc21bf322a490b,2937,17.947973169901257,17.9521,18.3708,18.734859999999998,17.93992940585632,17.95569607337419,15.349042356145729,15.3462,15.7559,16.107328,55.716597664464956,,,,"pooled from 3 independent runs (2937 total iterations); throughput_fps derived as 1000/mean_latency_ms, not trtexec's own pipelined-throughput number -- see run*_log.txt for that"
E5,tensorrt_gpu,medium,fp16,768x384,-1,2026-10-07T05:25:55Z,b90f2d5119adcc9a36e83abd5ffc21bf322a490b,7226,7.629223526155549,7.6333,7.744809999999999,7.77539,7.627169577394133,7.631263326183227,6.229789850539717,6.24023,6.33838,6.35156,131.07493791100273,,,,"pooled from 3 independent runs (7226 total iterations); throughput_fps derived as 1000/mean_latency_ms, not trtexec's own pipelined-throughput number -- see run*_log.txt for that"
E5,tensorrt_gpu,small,fp16,512x256,-1,2026-10-07T05:20:10Z,b90f2d5119adcc9a36e83abd5ffc21bf322a490b,23455,2.4915571191643573,2.48145,2.55469,2.62695,2.4907700364740992,2.4924274994777234,1.915806188019612,1.91016,1.95557,2.01074,401.35543845584795,,,,"pooled from 3 independent runs (23455 total iterations); throughput_fps derived as 1000/mean_latency_ms, not trtexec's own pipelined-throughput number -- see run*_log.txt for that"
E5,tensorrt_gpu,tiny,fp16,384x192,-1,2026-10-07T05:15:13Z,b90f2d5119adcc9a36e83abd5ffc21bf322a490b,60343,1.0233843741113302,1.02051,1.04102,1.05957,1.0231477137464164,1.0236481499349552,0.7429123312894619,0.740234,0.75293,0.766602,977.1499597776873,,,,"pooled from 3 independent runs (60343 total iterations); throughput_fps derived as 1000/mean_latency_ms, not trtexec's own pipelined-throughput number -- see run*_log.txt for that"
